{
  "theta": {
    "Gryffindor": [
      -2.1255277349717443,
      0.09326799376311787,
      -0.09860485560906154,
      0.1837549485498342,
      -0.8507112674036068,
      -0.17866420894949508,
      0.3365057995337863,
      -0.13240153505489646,
      0.8237049855727162,
      -0.8390655734020688,
      -0.9936651384597264,
      -0.17924723566985581,
      -0.04033020603801782,
      -0.37662224777392106,
      0.8436717695911106
    ],
    "Hufflepuff": [
      -1.4565414374053933,
      0.02967234963174765,
      0.09918600916020053,
      1.13535919430833,
      1.100270378477573,
      -1.1047524745726212,
      0.5515725715802343,
      -0.6703183368811927,
      -1.213620964265495,
      0.728224628851319,
      0.6577379583925155,
      -0.39194197715993356,
      0.025579515587835337,
      -0.07915048139297114,
      -0.46192244931032056
    ],
    "Ravenclaw": [
      -1.7282081745406246,
      0.01858634536047659,
      0.16180346889756314,
      -0.678564529925145,
      0.4782571705418584,
      0.6697722583148519,
      0.3634786068474016,
      1.2130209048171328,
      0.9056886022648609,
      0.09408181036850667,
      0.08470932906196778,
      -0.019314987013247836,
      -0.017200905338605105,
      0.9689991798512159,
      0.00692374726385349
    ],
    "Slytherin": [
      -2.5758992192639703,
      -0.10014434466274692,
      -0.06500684500511536,
      -0.6037939558768066,
      -0.7776831803120458,
      0.6070754683628714,
      -1.3098721632445471,
      -0.40995677995375923,
      -0.5317231648276696,
      0.002052309172105583,
      0.24791207333516108,
      0.5666014239557479,
      -0.025192202148466545,
      -0.6066980165323255,
      -0.3865748999644007
    ]
  },
  "mu": [
    0.4980015987210232,
    49453.10951239009,
    46.47644878930412,
    1.189457433748071,
    -0.46476448789304076,
    3.2138305355715415,
    -222.90366613760307,
    496.2514567879828,
    2.9785934977751447,
    1029.8628682296344,
    5.96127557430978,
    -0.06431538961850279,
    -243.3257226139089,
    23.109008792965593
  ],
  "sigma": [
    0.4999960063763794,
    16694.87644194074,
    520.7378397588483,
    5.221048988963303,
    5.207378397588484,
    4.109348155784129,
    484.79197196623926,
    106.66795169582072,
    4.455181302981813,
    43.96529466494981,
    3.101677697784552,
    0.9722575558030098,
    8.786891416227864,
    97.71593824953197
  ]
}