{
  "theta": {
    "Gryffindor": [
      -2.125797122560102,
      0.0929374512182366,
      -0.0960746235212082,
      0.18557558000997723,
      -0.8616452485814174,
      -0.179904572113941,
      0.341202892513262,
      -0.13341229711646058,
      0.8244270172184676,
      -0.8345148408486033,
      -0.9848944897008655,
      -0.17695955106389366,
      -0.0375141595869505,
      -0.3728910773422659,
      0.8511087242614699
    ],
    "Hufflepuff": [
      -1.4578283638981682,
      0.02945390705941529,
      0.09924911895742294,
      1.1074600189763357,
      1.089365396875522,
      -1.142133040802417,
      0.5451481748331628,
      -0.6756220176437293,
      -1.2072023327078678,
      0.7452112967226974,
      0.652425520628761,
      -0.39879587006428713,
      0.027337169935233815,
      -0.06566722056122974,
      -0.4606105008907247
    ],
    "Ravenclaw": [
      -1.733722052469058,
      0.016708321216118427,
      0.16323970863353018,
      -0.6723506469400541,
      0.4755864336247175,
      0.6859159058278063,
      0.3772528038610309,
      1.2112042692155642,
      0.8853762636728247,
      0.07658657404644104,
      0.09159038468234737,
      -0.009675682567879424,
      -0.018340004826084617,
      0.9739446371744377,
      0.014146582664393172
    ],
    "Slytherin": [
      -2.5765536709552466,
      -0.09945370959198399,
      -0.06935135789617212,
      -0.6051333913365726,
      -0.7851205688073314,
      0.5985154022276313,
      -1.314836357249803,
      -0.4032906040347944,
      -0.5369868551350164,
      0.0035653294140927634,
      0.239054275679927,
      0.5570102490633865,
      -0.025584465921569467,
      -0.5972301453414147,
      -0.39718739958595906
    ]
  },
  "mu": [
    0.4980015987210232,
    49453.10951239009,
    46.47644878930412,
    1.189457433748071,
    -0.46476448789304076,
    3.2138305355715415,
    -222.90366613760307,
    496.2514567879828,
    2.9785934977751447,
    1029.8628682296344,
    5.96127557430978,
    -0.06431538961850279,
    -243.3257226139089,
    23.109008792965593
  ],
  "sigma": [
    0.4999960063763794,
    16694.87644194074,
    520.7378397588483,
    5.221048988963303,
    5.207378397588484,
    4.109348155784129,
    484.79197196623926,
    106.66795169582072,
    4.455181302981813,
    43.96529466494981,
    3.101677697784552,
    0.9722575558030098,
    8.786891416227864,
    97.71593824953197
  ]
}