{"theta": [-1.7306749438172984, 0.017944301841137923, 0.1612795029948799, -0.6838174021952248, 0.484367157478602, 0.67539024974753, 0.37975390946842863, 1.2189928240392887, 0.8918226222761574, 0.07489590385185646, 0.09263915253691143, -0.006520195983001592, -0.017370869752892967, 0.9548814136836812, 0.007238002192386314], "mu": [0.4980015987210232, 49453.10951239009, 46.47644878930412, 1.189457433748071, -0.46476448789304076, 3.2138305355715415, -222.90366613760307, 496.2514567879828, 2.9785934977751447, 1029.8628682296344, 5.96127557430978, -0.06431538961850279, -243.3257226139089, 23.109008792965593], "sigma": [0.4999960063763794, 16694.87644194074, 520.7378397588483, 5.221048988963303, 5.207378397588484, 4.109348155784129, 484.79197196623926, 106.66795169582072, 4.455181302981813, 43.96529466494981, 3.101677697784552, 0.9722575558030098, 8.786891416227864, 97.71593824953197]}